{
  "requests": [
    {
      "id": "req_cli001_role001_1",
      "requesterId": "rec_001",
      "clientId": "cli_001",
      "roleId": "cli001_role001",
      "status": "COMPLETED",
      "submittedAt": "2025-06-02T09:15:00Z",
      "inProgressAt": "2025-06-02T10:00:00Z",
      "finalizingAt": "2025-06-03T08:30:00Z",
      "completedAt": "2025-06-03T08:45:00Z",
      "numCandidatesScraped": 3,
      "parameters": {
        "includeLinkedIn": true,
        "minExperienceYears": 2
      }
    },
    {
      "id": "req_cli001_role002_1",
      "requesterId": "rec_001",
      "clientId": "cli_001",
      "roleId": "cli001_role002",
      "status": "COMPLETED",
      "submittedAt": "2025-06-05T11:00:00Z",
      "inProgressAt": "2025-06-05T11:20:00Z",
      "finalizingAt": "2025-06-06T07:45:00Z",
      "completedAt": "2025-06-06T08:05:00Z",
      "numCandidatesScraped": 3,
      "parameters": {
        "includeLinkedIn": false,
        "minExperienceYears": 5
      }
    },
    {
      "id": "req_cli002_role001_1",
      "requesterId": "rec_001",
      "clientId": "cli_002",
      "roleId": "cli002_role001",
      "status": "COMPLETED",
      "submittedAt": "2025-06-10T14:30:00Z",
      "inProgressAt": "2025-06-10T15:00:00Z",
      "finalizingAt": "2025-06-11T09:00:00Z",
      "completedAt": "2025-06-11T09:20:00Z",
      "numCandidatesScraped": 3,
      "parameters": {
        "includeLinkedIn": true,
        "minExperienceYears": 1
      }
    },
    {
      "id": "req_cli002_role002_1",
      "requesterId": "rec_001",
      "clientId": "cli_002",
      "roleId": "cli002_role002",
      "status": "COMPLETED",
      "submittedAt": "2025-06-12T08:45:00Z",
      "inProgressAt": "2025-06-12T09:10:00Z",
      "finalizingAt": "2025-06-13T07:30:00Z",
      "completedAt": "2025-06-13T07:50:00Z",
      "numCandidatesScraped": 3,
      "parameters": {
        "includeLinkedIn": true,
        "minExperienceYears": 3
      }
    },
    {
      "id": "req_cli003_role001_1",
      "requesterId": "rec_001",
      "clientId": "cli_003",
      "roleId": "cli003_role001",
      "status": "COMPLETED",
      "submittedAt": "2025-06-15T10:00:00Z",
      "inProgressAt": "2025-06-15T10:30:00Z",
      "finalizingAt": "2025-06-16T08:00:00Z",
      "completedAt": "2025-06-16T08:15:00Z",
      "numCandidatesScraped": 3,
      "parameters": {
        "includeLinkedIn": false,
        "minExperienceYears": 2
      }
    },
    {
      "id": "req_cli003_role002_1",
      "requesterId": "rec_001",
      "clientId": "cli_003",
      "roleId": "cli003_role002",
      "status": "COMPLETED",
      "submittedAt": "2025-06-18T13:20:00Z",
      "inProgressAt": "2025-06-18T13:50:00Z",
      "finalizingAt": "2025-06-19T09:00:00Z",
      "completedAt": "2025-06-19T09:25:00Z",
      "numCandidatesScraped": 3,
      "parameters": {
        "includeLinkedIn": true,
        "minExperienceYears": 4
      }
    },

    {
      "id": "req_cli001_role001_2",
      "requesterId": "rec_001",
      "clientId": "cli_001",
      "roleId": "cli001_role001",
      "status": "IN_PROGRESS",
      "submittedAt": "2025-06-25T09:45:00Z",
      "inProgressAt": "2025-06-25T10:15:00Z",
      "finalizingAt": null,
      "completedAt": null,
      "numCandidatesScraped": 1,
      "parameters": {
        "includeLinkedIn": true,
        "minExperienceYears": 2
      }
    },
    {
      "id": "req_cli002_role001_2",
      "requesterId": "rec_001",
      "clientId": "cli_002",
      "roleId": "cli002_role001",
      "status": "SUBMITTED",
      "submittedAt": "2025-06-28T16:00:00Z",
      "inProgressAt": null,
      "finalizingAt": null,
      "completedAt": null,
      "numCandidatesScraped": 0,
      "parameters": {
        "includeLinkedIn": false,
        "minExperienceYears": 1
      }
    },
    {
      "id": "req_cli003_role002_2",
      "requesterId": "rec_001",
      "clientId": "cli_003",
      "roleId": "cli003_role002",
      "status": "IN_PROGRESS",
      "submittedAt": "2025-06-29T11:30:00Z",
      "inProgressAt": "2025-06-29T12:00:00Z",
      "finalizingAt": null,
      "completedAt": null,
      "numCandidatesScraped": 2,
      "parameters": {
        "includeLinkedIn": true,
        "minExperienceYears": 3
      }
    }
  ]
}
